{
    "version": "3.18.0",
    "flags": {},
    "shapes": [
        {
            "label": "cat",
            "points": [
                [
                    9.86083984375,
                    42.15693283081055
                ],
                [
                    512.0,
                    463.25244140625
                ]
            ],
            "group_id": null,
            "shape_type": "rectangle",
            "flags": {},
            "line_color": [
                1,
                70,
                234,
                255
            ],
            "fill_color": null
        }
    ],
    "imagePath": "000074122619880.png",
    "imageData": null,
    "imageHeight": 512,
    "imageWidth": 512,
    "lineColor": [
        0,
        255,
        0,
        128
    ],
    "fillColor": [
        255,
        0,
        0,
        128
    ]
}