{
    "data": {
        "image": "temp_images\\000024122619875.png"
    },
    "annotations": [
        {
            "result": [
                {
                    "from_name": "label",
                    "to_name": "image",
                    "type": "rectangle",
                    "value": {
                        "x": 24.666574597358704,
                        "y": 5.81602081656456,
                        "width": 57.34310448169708,
                        "height": 93.16093698143959,
                        "rotation": 0,
                        "rectanglelabels": [
                            "cat"
                        ]
                    },
                    "score": 0.7994371056556702
                }
            ]
        }
    ]
}