{
    "data": {
        "image": "temp_images\\000044122619877.png"
    },
    "annotations": [
        {
            "result": [
                {
                    "from_name": "label",
                    "to_name": "image",
                    "type": "rectangle",
                    "value": {
                        "x": 5.7715605944395065,
                        "y": 14.861278235912323,
                        "width": 60.16521342098713,
                        "height": 80.99332600831985,
                        "rotation": 0,
                        "rectanglelabels": [
                            "cat"
                        ]
                    },
                    "score": 0.8365414142608643
                }
            ]
        }
    ]
}