{
    "data": {
        "image": "temp_images\\000034122619876.png"
    },
    "annotations": [
        {
            "result": [
                {
                    "from_name": "label",
                    "to_name": "image",
                    "type": "rectangle",
                    "value": {
                        "x": 16.89336746931076,
                        "y": 17.511872947216034,
                        "width": 54.445941746234894,
                        "height": 77.42600589990616,
                        "rotation": 0,
                        "rectanglelabels": [
                            "cat"
                        ]
                    },
                    "score": 0.8689833879470825
                }
            ]
        }
    ]
}