{
    "version": "3.18.0",
    "flags": {},
    "shapes": [
        {
            "label": "cat",
            "points": [
                [
                    86.4940414428711,
                    89.6607894897461
                ],
                [
                    365.25726318359375,
                    486.0819396972656
                ]
            ],
            "group_id": null,
            "shape_type": "rectangle",
            "flags": {},
            "line_color": [
                1,
                70,
                234,
                255
            ],
            "fill_color": null
        }
    ],
    "imagePath": "000034122619876.png",
    "imageData": null,
    "imageHeight": 512,
    "imageWidth": 512,
    "lineColor": [
        0,
        255,
        0,
        128
    ],
    "fillColor": [
        255,
        0,
        0,
        128
    ]
}