{
    "data": {
        "image": "temp_images\\000014122619874.png"
    },
    "annotations": [
        {
            "result": [
                {
                    "from_name": "label",
                    "to_name": "image",
                    "type": "rectangle",
                    "value": {
                        "x": 28.329524397850037,
                        "y": 15.447938442230225,
                        "width": 43.64497363567352,
                        "height": 79.60264682769775,
                        "rotation": 0,
                        "rectanglelabels": [
                            "cat"
                        ]
                    },
                    "score": 0.6866465210914612
                }
            ]
        }
    ]
}