{
    "version": "3.18.0",
    "flags": {},
    "shapes": [
        {
            "label": "cat",
            "points": [
                [
                    99.7977066040039,
                    97.4864273071289
                ],
                [
                    487.59442138671875,
                    465.7799377441406
                ]
            ],
            "group_id": null,
            "shape_type": "rectangle",
            "flags": {},
            "line_color": [
                1,
                70,
                234,
                255
            ],
            "fill_color": null
        }
    ],
    "imagePath": "000054122619878.png",
    "imageData": null,
    "imageHeight": 512,
    "imageWidth": 512,
    "lineColor": [
        0,
        255,
        0,
        128
    ],
    "fillColor": [
        255,
        0,
        0,
        128
    ]
}