{
    "data": {
        "image": "temp_images\\000054122619878.png"
    },
    "annotations": [
        {
            "result": [
                {
                    "from_name": "label",
                    "to_name": "image",
                    "type": "rectangle",
                    "value": {
                        "x": 19.491739571094513,
                        "y": 19.040317833423615,
                        "width": 75.741545855999,
                        "height": 71.93232625722885,
                        "rotation": 0,
                        "rectanglelabels": [
                            "cat"
                        ]
                    },
                    "score": 0.8379173278808594
                }
            ]
        }
    ]
}