{
    "version": "3.18.0",
    "flags": {},
    "shapes": [
        {
            "label": "cat",
            "points": [
                [
                    91.8899917602539,
                    187.20118713378906
                ],
                [
                    488.8609313964844,
                    489.3802795410156
                ]
            ],
            "group_id": null,
            "shape_type": "rectangle",
            "flags": {},
            "line_color": [
                1,
                70,
                234,
                255
            ],
            "fill_color": null
        }
    ],
    "imagePath": "000174122619890.png",
    "imageData": null,
    "imageHeight": 512,
    "imageWidth": 512,
    "lineColor": [
        0,
        255,
        0,
        128
    ],
    "fillColor": [
        255,
        0,
        0,
        128
    ]
}