{
    "version": "3.18.0",
    "flags": {},
    "shapes": [
        {
            "label": "cat",
            "points": [
                [
                    5.410595893859863,
                    25.272851943969727
                ],
                [
                    508.3160095214844,
                    479.6234436035156
                ]
            ],
            "group_id": null,
            "shape_type": "rectangle",
            "flags": {},
            "line_color": [
                1,
                70,
                234,
                255
            ],
            "fill_color": null
        }
    ],
    "imagePath": "000184122619891.png",
    "imageData": null,
    "imageHeight": 512,
    "imageWidth": 512,
    "lineColor": [
        0,
        255,
        0,
        128
    ],
    "fillColor": [
        255,
        0,
        0,
        128
    ]
}