{
    "version": "3.18.0",
    "flags": {},
    "shapes": [
        {
            "label": "dog",
            "points": [
                [
                    22.73583984375,
                    22.573047637939453
                ],
                [
                    495.93115234375,
                    441.87127685546875
                ]
            ],
            "group_id": null,
            "shape_type": "rectangle",
            "flags": {},
            "line_color": [
                1,
                70,
                234,
                255
            ],
            "fill_color": null
        }
    ],
    "imagePath": "005023846168664.png",
    "imageData": null,
    "imageHeight": 512,
    "imageWidth": 512,
    "lineColor": [
        0,
        255,
        0,
        128
    ],
    "fillColor": [
        255,
        0,
        0,
        128
    ]
}