{
    "data": {
        "image": "temp_images\\005073846168669.png"
    },
    "annotations": [
        {
            "result": [
                {
                    "from_name": "label",
                    "to_name": "image",
                    "type": "rectangle",
                    "value": {
                        "x": 37.61453330516815,
                        "y": 21.854276955127716,
                        "width": 30.41488826274872,
                        "height": 71.87773436307907,
                        "rotation": 0,
                        "rectanglelabels": [
                            "dog"
                        ]
                    },
                    "score": 0.899869441986084
                }
            ]
        }
    ]
}