{
    "data": {
        "image": "temp_images\\005003846168662.png"
    },
    "annotations": [
        {
            "result": [
                {
                    "from_name": "label",
                    "to_name": "image",
                    "type": "rectangle",
                    "value": {
                        "x": 16.242246329784393,
                        "y": 12.864017486572266,
                        "width": 65.33414870500565,
                        "height": 86.73957586288452,
                        "rotation": 0,
                        "rectanglelabels": [
                            "dog"
                        ]
                    },
                    "score": 0.7740406394004822
                }
            ]
        }
    ]
}