{
    "data": {
        "image": "temp_images\\005083846168670.png"
    },
    "annotations": [
        {
            "result": [
                {
                    "from_name": "label",
                    "to_name": "image",
                    "type": "rectangle",
                    "value": {
                        "x": 3.1292151659727097,
                        "y": 17.915336787700653,
                        "width": 89.66106660664082,
                        "height": 75.64801722764969,
                        "rotation": 0,
                        "rectanglelabels": [
                            "dog"
                        ]
                    },
                    "score": 0.852935254573822
                }
            ]
        }
    ]
}