{
    "data": {
        "image": "temp_images\\005043846168666.png"
    },
    "annotations": [
        {
            "result": [
                {
                    "from_name": "label",
                    "to_name": "image",
                    "type": "rectangle",
                    "value": {
                        "x": 8.383755385875702,
                        "y": 5.134525150060654,
                        "width": 70.91730386018753,
                        "height": 94.86547484993935,
                        "rotation": 0,
                        "rectanglelabels": [
                            "dog"
                        ]
                    },
                    "score": 0.7141270637512207
                }
            ]
        }
    ]
}