{
    "data": {
        "image": "temp_images\\005093846168671.png"
    },
    "annotations": [
        {
            "result": [
                {
                    "from_name": "label",
                    "to_name": "image",
                    "type": "rectangle",
                    "value": {
                        "x": 10.112390667200089,
                        "y": 15.31636267900467,
                        "width": 72.06753715872765,
                        "height": 84.68363732099533,
                        "rotation": 0,
                        "rectanglelabels": [
                            "dog"
                        ]
                    },
                    "score": 0.7525708079338074
                }
            ]
        }
    ]
}