{
    "data": {
        "image": "temp_images\\005053846168667.png"
    },
    "annotations": [
        {
            "result": [
                {
                    "from_name": "label",
                    "to_name": "image",
                    "type": "rectangle",
                    "value": {
                        "x": 14.448213577270508,
                        "y": 29.66254949569702,
                        "width": 74.09859895706177,
                        "height": 68.01620721817017,
                        "rotation": 0,
                        "rectanglelabels": [
                            "dog"
                        ]
                    },
                    "score": 0.8188543915748596
                }
            ]
        }
    ]
}