{
    "data": {
        "image": "temp_images\\005063846168668.png"
    },
    "annotations": [
        {
            "result": [
                {
                    "from_name": "label",
                    "to_name": "image",
                    "type": "rectangle",
                    "value": {
                        "x": 20.996102690696716,
                        "y": 15.80667495727539,
                        "width": 60.993483662605286,
                        "height": 84.02751088142395,
                        "rotation": 0,
                        "rectanglelabels": [
                            "dog"
                        ]
                    },
                    "score": 0.7768981456756592
                }
            ]
        }
    ]
}