{
    "data": {
        "image": "temp_images\\005023846168664.png"
    },
    "annotations": [
        {
            "result": [
                {
                    "from_name": "label",
                    "to_name": "image",
                    "type": "rectangle",
                    "value": {
                        "x": 4.440593719482422,
                        "y": 4.408798366785049,
                        "width": 92.42095947265625,
                        "height": 81.89418539404869,
                        "rotation": 0,
                        "rectanglelabels": [
                            "dog"
                        ]
                    },
                    "score": 0.8854634761810303
                }
            ]
        }
    ]
}