{
    "data": {
        "image": "temp_images\\005013846168663.png"
    },
    "annotations": [
        {
            "result": [
                {
                    "from_name": "label",
                    "to_name": "image",
                    "type": "rectangle",
                    "value": {
                        "x": 17.907266318798065,
                        "y": 4.078970104455948,
                        "width": 72.5120559334755,
                        "height": 90.28991684317589,
                        "rotation": 0,
                        "rectanglelabels": [
                            "dog"
                        ]
                    },
                    "score": 0.5255038142204285
                }
            ]
        }
    ]
}