{
    "data": {
        "image": "temp_images\\005033846168665.png"
    },
    "annotations": [
        {
            "result": [
                {
                    "from_name": "label",
                    "to_name": "image",
                    "type": "rectangle",
                    "value": {
                        "x": 5.722608417272568,
                        "y": 21.246616542339325,
                        "width": 94.17677894234657,
                        "height": 74.86375719308853,
                        "rotation": 0,
                        "rectanglelabels": [
                            "dog"
                        ]
                    },
                    "score": 0.8621209263801575
                }
            ]
        }
    ]
}