{
    "data": {
        "image": "temp_images\\005143846168676.png"
    },
    "annotations": [
        {
            "result": [
                {
                    "from_name": "label",
                    "to_name": "image",
                    "type": "rectangle",
                    "value": {
                        "x": 4.213380813598633,
                        "y": 7.53474235534668,
                        "width": 78.81230115890503,
                        "height": 92.46525764465332,
                        "rotation": 0,
                        "rectanglelabels": [
                            "dog"
                        ]
                    },
                    "score": 0.7207476496696472
                }
            ]
        }
    ]
}