{
    "data": {
        "image": "temp_images\\005183846168680.png"
    },
    "annotations": [
        {
            "result": [
                {
                    "from_name": "label",
                    "to_name": "image",
                    "type": "rectangle",
                    "value": {
                        "x": 2.275867387652397,
                        "y": 17.55114495754242,
                        "width": 61.816923692822456,
                        "height": 80.61762750148773,
                        "rotation": 0,
                        "rectanglelabels": [
                            "dog"
                        ]
                    },
                    "score": 0.8579052686691284
                }
            ]
        }
    ]
}