{
    "data": {
        "image": "temp_images\\005153846168677.png"
    },
    "annotations": [
        {
            "result": [
                {
                    "from_name": "label",
                    "to_name": "image",
                    "type": "rectangle",
                    "value": {
                        "x": 24.324694275856018,
                        "y": 13.090848922729492,
                        "width": 61.47927939891815,
                        "height": 75.57231187820435,
                        "rotation": 0,
                        "rectanglelabels": [
                            "dog"
                        ]
                    },
                    "score": 0.8108408451080322
                }
            ]
        }
    ]
}