{
    "data": {
        "image": "temp_images\\005193846168681.png"
    },
    "annotations": [
        {
            "result": [
                {
                    "from_name": "label",
                    "to_name": "image",
                    "type": "rectangle",
                    "value": {
                        "x": 12.359962612390518,
                        "y": 27.894219756126404,
                        "width": 60.34935936331749,
                        "height": 60.791900753974915,
                        "rotation": 0,
                        "rectanglelabels": [
                            "dog"
                        ]
                    },
                    "score": 0.8868266940116882
                }
            ]
        }
    ]
}