{
    "version": "3.18.0",
    "flags": {},
    "shapes": [
        {
            "label": "dog",
            "points": [
                [
                    187.12490844726562,
                    191.55255126953125
                ],
                [
                    399.36248779296875,
                    512.0
                ]
            ],
            "group_id": null,
            "shape_type": "rectangle",
            "flags": {},
            "line_color": [
                1,
                70,
                234,
                255
            ],
            "fill_color": null
        }
    ],
    "imagePath": "005173846168679.png",
    "imageData": null,
    "imageHeight": 512,
    "imageWidth": 512,
    "lineColor": [
        0,
        255,
        0,
        128
    ],
    "fillColor": [
        255,
        0,
        0,
        128
    ]
}