{
    "data": {
        "image": "temp_images\\005133846168675.png"
    },
    "annotations": [
        {
            "result": [
                {
                    "from_name": "label",
                    "to_name": "image",
                    "type": "rectangle",
                    "value": {
                        "x": 9.244616329669952,
                        "y": 8.68988037109375,
                        "width": 76.91152542829514,
                        "height": 91.31011962890625,
                        "rotation": 0,
                        "rectanglelabels": [
                            "dog"
                        ]
                    },
                    "score": 0.8550514578819275
                }
            ]
        }
    ]
}