{
    "data": {
        "image": "temp_images\\005123846168674.png"
    },
    "annotations": [
        {
            "result": [
                {
                    "from_name": "label",
                    "to_name": "image",
                    "type": "rectangle",
                    "value": {
                        "x": 9.303073585033417,
                        "y": 17.903336882591248,
                        "width": 76.56040340662003,
                        "height": 63.04376423358917,
                        "rotation": 0,
                        "rectanglelabels": [
                            "dog"
                        ]
                    },
                    "score": 0.8506863713264465
                }
            ]
        }
    ]
}