{
    "data": {
        "image": "temp_images\\005173846168679.png"
    },
    "annotations": [
        {
            "result": [
                {
                    "from_name": "label",
                    "to_name": "image",
                    "type": "rectangle",
                    "value": {
                        "x": 36.54783368110657,
                        "y": 37.41260766983032,
                        "width": 41.45265221595764,
                        "height": 62.58739233016968,
                        "rotation": 0,
                        "rectanglelabels": [
                            "dog"
                        ]
                    },
                    "score": 0.9000101685523987
                }
            ]
        }
    ]
}