{
    "data": {
        "image": "temp_images\\005113846168673.png"
    },
    "annotations": [
        {
            "result": [
                {
                    "from_name": "label",
                    "to_name": "image",
                    "type": "rectangle",
                    "value": {
                        "x": 15.39938896894455,
                        "y": 16.588954627513885,
                        "width": 84.08247977495193,
                        "height": 83.19165259599686,
                        "rotation": 0,
                        "rectanglelabels": [
                            "dog"
                        ]
                    },
                    "score": 0.8523423075675964
                }
            ]
        }
    ]
}