{
    "data": {
        "image": "temp_images\\005163846168678.png"
    },
    "annotations": [
        {
            "result": [
                {
                    "from_name": "label",
                    "to_name": "image",
                    "type": "rectangle",
                    "value": {
                        "x": 13.320493698120117,
                        "y": 8.090772479772568,
                        "width": 70.18920183181763,
                        "height": 91.90922752022743,
                        "rotation": 0,
                        "rectanglelabels": [
                            "dog"
                        ]
                    },
                    "score": 0.8634359836578369
                }
            ]
        }
    ]
}