{
    "data": {
        "image": "temp_images\\005103846168672.png"
    },
    "annotations": [
        {
            "result": [
                {
                    "from_name": "label",
                    "to_name": "image",
                    "type": "rectangle",
                    "value": {
                        "x": 13.906164467334747,
                        "y": 25.488662719726562,
                        "width": 69.49824541807175,
                        "height": 74.39924478530884,
                        "rotation": 0,
                        "rectanglelabels": [
                            "dog"
                        ]
                    },
                    "score": 0.9141471982002258
                }
            ]
        }
    ]
}