{
    "version": "3.18.0",
    "flags": {},
    "shapes": [
        {
            "label": "dog",
            "points": [
                [
                    78.8448715209961,
                    84.9354476928711
                ],
                [
                    509.34716796875,
                    510.876708984375
                ]
            ],
            "group_id": null,
            "shape_type": "rectangle",
            "flags": {},
            "line_color": [
                1,
                70,
                234,
                255
            ],
            "fill_color": null
        }
    ],
    "imagePath": "005113846168673.png",
    "imageData": null,
    "imageHeight": 512,
    "imageWidth": 512,
    "lineColor": [
        0,
        255,
        0,
        128
    ],
    "fillColor": [
        255,
        0,
        0,
        128
    ]
}