{
    "version": "3.18.0",
    "flags": {},
    "shapes": [
        {
            "label": "dog",
            "points": [
                [
                    71.1995620727539,
                    130.501953125
                ],
                [
                    427.03057861328125,
                    511.42608642578125
                ]
            ],
            "group_id": null,
            "shape_type": "rectangle",
            "flags": {},
            "line_color": [
                1,
                70,
                234,
                255
            ],
            "fill_color": null
        }
    ],
    "imagePath": "005103846168672.png",
    "imageData": null,
    "imageHeight": 512,
    "imageWidth": 512,
    "lineColor": [
        0,
        255,
        0,
        128
    ],
    "fillColor": [
        255,
        0,
        0,
        128
    ]
}