{
    "version": "3.18.0",
    "flags": {},
    "shapes": [
        {
            "label": "dog",
            "points": [
                [
                    63.28300857543945,
                    142.8184051513672
                ],
                [
                    372.271728515625,
                    454.07293701171875
                ]
            ],
            "group_id": null,
            "shape_type": "rectangle",
            "flags": {},
            "line_color": [
                1,
                70,
                234,
                255
            ],
            "fill_color": null
        }
    ],
    "imagePath": "005193846168681.png",
    "imageData": null,
    "imageHeight": 512,
    "imageWidth": 512,
    "lineColor": [
        0,
        255,
        0,
        128
    ],
    "fillColor": [
        255,
        0,
        0,
        128
    ]
}